RecordID,DateKey,DepartmentKey,AccountKey,ActualAmount,BudgetAmount
1,20220101,0,101,155986.52,148830.93
2,20220101,0,102,78206.71,80310.17
3,20220101,0,103,122939.61,124288.0
4,20220101,1,201,76216.9,69328.45
5,20220101,1,202,10088.5,9723.43
6,20220101,1,205,6532.14,6838.01
7,20220101,1,208,4761.95,4956.55
8,20220101,1,212,2603.51,2575.36
9,20220101,2,201,49003.95,51755.78
10,20220101,2,202,7981.4,7272.97
11,20220101,2,207,39887.66,39274.92
12,20220101,2,208,3323.96,3288.15
13,20220101,2,212,1808.82,1677.94
14,20220101,3,201,96184.41,97985.16
15,20220101,3,202,16044.33,15551.07
16,20220101,3,205,19504.06,19266.06
17,20220101,3,206,12814.67,13477.29
18,20220101,3,210,6684.36,6872.93
19,20220101,4,201,66689.94,64899.87
20,20220101,4,202,9823.47,9476.31
21,20220101,4,203,15738.19,14612.12
22,20220101,4,204,3270.48,3338.23
23,20220101,4,212,3999.98,4146.33
24,20220101,5,201,44138.55,45841.98
25,20220101,5,202,6929.17,6732.89
26,20220101,5,209,10014.62,9925.07
27,20220101,5,211,4933.62,5370.46
28,20220101,5,212,1735.23,1728.91
29,20220101,6,201,32434.62,35026.93
30,20220101,6,202,5669.61,5900.85
31,20220101,6,210,9082.53,8673.4
32,20220101,6,212,1713.55,1743.02
33,20220101,7,201,57901.96,57203.64
34,20220101,7,202,8177.57,8105.01
35,20220101,7,205,7452.35,7492.8
36,20220101,7,208,4078.03,4478.31
37,20220101,7,212,2684.36,2510.77
38,20220201,0,101,161847.01,160541.49
39,20220201,0,102,88451.86,85311.6
40,20220201,0,103,119144.65,122846.3
41,20220201,1,201,75442.65,73221.84
42,20220201,1,202,10685.05,11074.91
43,20220201,1,205,6940.85,6857.84
44,20220201,1,208,5647.78,5311.93
45,20220201,1,212,2488.8,2521.68
46,20220201,2,201,49914.53,53804.21
47,20220201,2,202,8243.86,7891.79
48,20220201,2,207,37180.2,39282.33
49,20220201,2,208,3764.49,3548.87
50,20220201,2,212,1876.07,1838.65
51,20220201,3,201,98377.74,108691.9
52,20220201,3,202,16242.96,15983.62
53,20220201,3,205,18728.0,19756.99
54,20220201,3,206,12482.15,13171.28
55,20220201,3,210,6994.39,7426.64
56,20220201,4,201,69472.88,64612.2
57,20220201,4,202,9680.79,9386.23
58,20220201,4,203,16755.04,16564.79
59,20220201,4,204,3420.67,3591.4
60,20220201,4,212,4467.13,4253.97
61,20220201,5,201,50178.77,48851.65
62,20220201,5,202,7314.61,7098.71
63,20220201,5,209,9821.65,10408.54
64,20220201,5,211,4924.8,5555.62
65,20220201,5,212,1853.32,1833.01
66,20220201,6,201,34251.43,33664.29
67,20220201,6,202,6486.0,6493.65
68,20220201,6,210,8289.53,8830.44
69,20220201,6,212,1653.85,1819.25
70,20220201,7,201,59328.8,55147.84
71,20220201,7,202,8769.55,8892.21
72,20220201,7,205,7659.49,8284.06
73,20220201,7,208,4352.65,4282.51
74,20220201,7,212,2654.52,2719.97
75,20220301,0,101,163845.56,171733.38
76,20220301,0,102,96506.21,93994.16
77,20220301,0,103,131847.42,136582.13
78,20220301,1,201,76465.45,78708.37
79,20220301,1,202,11141.58,11567.74
80,20220301,1,205,7312.84,7404.1
81,20220301,1,208,5357.65,5810.7
82,20220301,1,212,2741.85,2991.35
83,20220301,2,201,59869.89,54594.28
84,20220301,2,202,8236.39,8751.67
85,20220301,2,207,41039.71,41234.7
86,20220301,2,208,4031.69,3848.7
87,20220301,2,212,1892.73,1968.99
88,20220301,3,201,118907.65,110687.74
89,20220301,3,202,16135.05,17055.81
90,20220301,3,205,20676.39,20928.69
91,20220301,3,206,14707.01,14593.0
92,20220301,3,210,8115.15,7302.28
93,20220301,4,201,70278.65,70346.78
94,20220301,4,202,10979.13,10213.33
95,20220301,4,203,16358.36,17088.84
96,20220301,4,204,3758.44,3726.43
97,20220301,4,212,4583.62,4994.91
98,20220301,5,201,51834.0,54588.1
99,20220301,5,202,7653.55,7262.29
100,20220301,5,209,12196.85,11878.38
101,20220301,5,211,6074.26,5995.83
102,20220301,5,212,1992.75,1839.76
103,20220301,6,201,37923.61,36993.46
104,20220301,6,202,6557.87,6360.39
105,20220301,6,210,9339.03,10054.65
106,20220301,6,212,1837.54,1968.87
107,20220301,7,201,61361.05,61535.78
108,20220301,7,202,10108.23,10065.22
109,20220301,7,205,8616.75,8798.16
110,20220301,7,208,4520.44,4667.53
111,20220301,7,212,3037.02,2889.07
112,20220401,0,101,184684.59,193198.11
113,20220401,0,102,90892.5,100219.75
114,20220401,0,103,142856.98,151910.52
115,20220401,1,201,82541.92,91527.95
116,20220401,1,202,11520.48,11878.19
117,20220401,1,205,8268.57,8358.07
118,20220401,1,208,5893.12,5894.71
119,20220401,1,212,3227.2,2989.88
120,20220401,2,201,62009.84,62309.68
121,20220401,2,202,9076.19,9310.39
122,20220401,2,207,46046.4,48324.33
123,20220401,2,208,3911.07,4197.43
124,20220401,2,212,1965.37,2026.81
125,20220401,3,201,125342.08,120319.16
126,20220401,3,202,17887.5,18960.47
127,20220401,3,205,21097.1,22449.23
128,20220401,3,206,16367.69,16211.43
129,20220401,3,210,7672.49,7943.33
130,20220401,4,201,73985.3,80528.38
131,20220401,4,202,11818.26,11744.2
132,20220401,4,203,18024.63,17760.59
133,20220401,4,204,4270.64,4191.75
134,20220401,4,212,5179.74,5398.84
135,20220401,5,201,57309.33,53343.28
136,20220401,5,202,8522.26,8020.72
137,20220401,5,209,12519.98,12892.18
138,20220401,5,211,5806.66,5891.71
139,20220401,5,212,1927.77,2062.14
140,20220401,6,201,39499.65,41474.48
141,20220401,6,202,7357.53,6942.91
142,20220401,6,210,10391.69,9986.19
143,20220401,6,212,2036.72,2141.16
144,20220401,7,201,69512.53,63658.13
145,20220401,7,202,10090.87,10000.44
146,20220401,7,205,8541.96,9499.68
147,20220401,7,208,5197.9,4991.96
148,20220401,7,212,3163.34,3092.7
149,20220501,0,101,187086.6,183531.03
150,20220501,0,102,93818.28,106447.38
151,20220501,0,103,155312.85,151412.19
152,20220501,1,201,93430.76,90506.29
153,20220501,1,202,11979.24,12146.64
154,20220501,1,205,8174.51,8810.66
155,20220501,1,208,6561.18,6581.47
156,20220501,1,212,3325.93,3065.29
157,20220501,2,201,60790.85,60562.36
158,20220501,2,202,9820.59,9896.56
159,20220501,2,207,46630.69,48113.39
160,20220501,2,208,3996.88,4419.61
161,20220501,2,212,2207.19,2220.5
162,20220501,3,201,131482.01,131916.43
163,20220501,3,202,17642.58,19486.32
164,20220501,3,205,22557.29,24310.2
165,20220501,3,206,16416.43,16459.49
166,20220501,3,210,8765.44,8226.53
167,20220501,4,201,81918.3,75748.88
168,20220501,4,202,12151.79,12063.34
169,20220501,4,203,18165.56,19652.68
170,20220501,4,204,4176.66,4131.0
171,20220501,4,212,5467.08,5118.94
172,20220501,5,201,53898.83,56089.36
173,20220501,5,202,8198.04,8778.66
174,20220501,5,209,13423.59,12356.87
175,20220501,5,211,6424.79,6261.98
176,20220501,5,212,2241.46,2118.87
177,20220501,6,201,44582.71,40432.88
178,20220501,6,202,7834.04,7126.87
179,20220501,6,210,11179.93,10281.61
180,20220501,6,212,1984.87,2095.38
181,20220501,7,201,70433.75,67192.43
182,20220501,7,202,10656.13,10565.69
183,20220501,7,205,9298.11,9576.86
184,20220501,7,208,5069.72,5396.82
185,20220501,7,212,2930.25,3313.21
186,20220601,0,101,195446.51,203952.29
187,20220601,0,102,106075.37,107090.71
188,20220601,0,103,148325.84,147827.8
189,20220601,1,201,93910.78,90544.36
190,20220601,1,202,12622.37,13520.93
191,20220601,1,205,8905.81,8493.43
192,20220601,1,208,6306.98,6447.1
193,20220601,1,212,3195.73,3183.37
194,20220601,2,201,61418.75,64556.94
195,20220601,2,202,10319.25,9958.19
196,20220601,2,207,51340.69,49460.54
197,20220601,2,208,4199.61,4364.38
198,20220601,2,212,2008.92,2120.17
199,20220601,3,201,128327.89,131388.26
200,20220601,3,202,19861.05,19462.33
201,20220601,3,205,23567.6,23130.53
202,20220601,3,206,16139.19,16995.9
203,20220601,3,210,8998.07,8369.27
204,20220601,4,201,76291.58,81542.68
205,20220601,4,202,12101.11,11724.02
206,20220601,4,203,20306.62,20074.23
207,20220601,4,204,4424.51,4210.75
208,20220601,4,212,5172.54,5144.51
209,20220601,5,201,57278.11,59534.54
210,20220601,5,202,9063.04,8277.22
211,20220601,5,209,12804.76,13209.79
212,20220601,5,211,6202.79,6652.36
213,20220601,5,212,2158.3,2109.97
214,20220601,6,201,44143.84,41066.35
215,20220601,6,202,7825.62,7822.37
216,20220601,6,210,10205.16,10765.07
217,20220601,6,212,2061.99,2279.61
218,20220601,7,201,70376.49,67077.79
219,20220601,7,202,10420.79,11267.82
220,20220601,7,205,9660.75,10090.87
221,20220601,7,208,5526.69,5716.81
222,20220601,7,212,3283.3,3416.59
223,20220701,0,101,184168.02,181128.6
224,20220701,0,102,94978.85,94502.18
225,20220701,0,103,142084.78,139910.11
226,20220701,1,201,87034.97,85072.08
227,20220701,1,202,11598.73,11389.87
228,20220701,1,205,7485.4,7916.31
229,20220701,1,208,6036.58,5862.74
230,20220701,1,212,2961.64,2852.4
231,20220701,2,201,54757.33,57119.23
232,20220701,2,202,8450.99,8600.52
233,20220701,2,207,43895.37,42131.9
234,20220701,2,208,3734.02,3982.18
235,20220701,2,212,1996.06,1856.71
236,20220701,3,201,114894.24,117527.59
237,20220701,3,202,17254.12,16984.25
238,20220701,3,205,21101.42,22397.02
239,20220701,3,206,14721.27,14935.68
240,20220701,3,210,8147.55,8025.51
241,20220701,4,201,71531.68,69159.68
242,20220701,4,202,10448.56,11020.85
243,20220701,4,203,18323.97,18418.16
244,20220701,4,204,3836.01,4005.04
245,20220701,4,212,4881.32,4929.34
246,20220701,5,201,51262.7,51970.18
247,20220701,5,202,7690.29,7396.78
248,20220701,5,209,11372.96,11927.57
249,20220701,5,211,5742.04,5634.66
250,20220701,5,212,1931.14,1870.24
251,20220701,6,201,39464.1,36975.09
252,20220701,6,202,6689.26,6872.04
253,20220701,6,210,9057.8,9900.81
254,20220701,6,212,1841.06,1941.53
255,20220701,7,201,59080.36,62526.77
256,20220701,7,202,9308.43,9563.74
257,20220701,7,205,9049.27,8657.57
258,20220701,7,208,5021.11,5051.33
259,20220701,7,212,2809.08,2790.72
260,20220801,0,101,159494.04,176016.47
261,20220801,0,102,96566.34,91016.73
262,20220801,0,103,135795.68,140439.44
263,20220801,1,201,82465.59,83411.98
264,20220801,1,202,12117.58,11080.0
265,20220801,1,205,7089.68,7347.39
266,20220801,1,208,5401.72,5834.75
267,20220801,1,212,2875.52,2775.83
268,20220801,2,201,58591.73,58958.45
269,20220801,2,202,8152.34,8693.62
270,20220801,2,207,44233.84,41151.09
271,20220801,2,208,3969.87,4013.25
272,20220801,2,212,1795.75,1810.37
273,20220801,3,201,110998.84,116793.93
274,20220801,3,202,18196.87,16991.11
275,20220801,3,205,21529.13,20029.72
276,20220801,3,206,14630.28,14520.7
277,20220801,3,210,7176.42,7865.79
278,20220801,4,201,74744.18,72393.23
279,20220801,4,202,9895.6,11058.43
280,20220801,4,203,17776.63,16898.09
281,20220801,4,204,3761.9,3764.9
282,20220801,4,212,4753.96,4690.79
283,20220801,5,201,54807.15,54363.85
284,20220801,5,202,7180.29,8023.22
285,20220801,5,209,11616.39,11869.2
286,20220801,5,211,5865.43,5688.05
287,20220801,5,212,1962.19,2006.78
288,20220801,6,201,36776.84,39478.27
289,20220801,6,202,6685.54,6671.18
290,20220801,6,210,9414.31,9788.92
291,20220801,6,212,1838.39,1983.01
292,20220801,7,201,64609.17,59251.16
293,20220801,7,202,10007.57,9279.84
294,20220801,7,205,8507.76,8696.52
295,20220801,7,208,4669.53,4527.5
296,20220801,7,212,2990.03,2764.51
297,20220901,0,101,181382.69,199916.93
298,20220901,0,102,97520.33,106416.81
299,20220901,0,103,151140.36,147057.26
300,20220901,1,201,83129.34,94095.1
301,20220901,1,202,11869.02,12968.02
302,20220901,1,205,8386.57,8680.54
303,20220901,1,208,6468.12,6432.61
304,20220901,1,212,3145.95,3267.25
305,20220901,2,201,59410.73,61385.66
306,20220901,2,202,9703.73,9295.8
307,20220901,2,207,47789.49,47347.27
308,20220901,2,208,4218.18,4186.58
309,20220901,2,212,2172.31,2071.41
310,20220901,3,201,129578.36,123454.9
311,20220901,3,202,18242.21,18205.84
312,20220901,3,205,22105.82,22248.79
313,20220901,3,206,15829.08,16282.99
314,20220901,3,210,8029.74,8179.94
315,20220901,4,201,78575.79,81089.22
316,20220901,4,202,12320.67,11639.05
317,20220901,4,203,18325.81,18163.99
318,20220901,4,204,4020.14,4095.1
319,20220901,4,212,5014.39,4995.67
320,20220901,5,201,58025.98,56605.06
321,20220901,5,202,8957.77,8491.3
322,20220901,5,209,12948.24,12145.02
323,20220901,5,211,6624.98,6325.18
324,20220901,5,212,2209.58,2127.61
325,20220901,6,201,41820.05,41934.97
326,20220901,6,202,7025.21,7024.04
327,20220901,6,210,11148.36,10526.78
328,20220901,6,212,2194.7,2087.56
329,20220901,7,201,64180.36,69563.06
330,20220901,7,202,9843.81,10147.32
331,20220901,7,205,9533.14,9293.34
332,20220901,7,208,5613.03,5055.91
333,20220901,7,212,3266.62,3202.59
334,20221001,0,101,206059.34,196975.47
335,20221001,0,102,104830.24,106543.66
336,20221001,0,103,152765.06,163951.22
337,20221001,1,201,99914.51,91965.84
338,20221001,1,202,13423.66,13425.18
339,20221001,1,205,9095.79,9277.27
340,20221001,1,208,6330.0,6423.2
341,20221001,1,212,3374.12,3192.01
342,20221001,2,201,62986.04,63244.97
343,20221001,2,202,9210.71,9895.6
344,20221001,2,207,50150.11,48610.91
345,20221001,2,208,4234.59,4522.17
346,20221001,2,212,2262.52,2199.88
347,20221001,3,201,135462.87,138815.19
348,20221001,3,202,20597.86,20171.38
349,20221001,3,205,24746.09,25475.43
350,20221001,3,206,16327.07,16663.38
351,20221001,3,210,8981.89,9239.34
352,20221001,4,201,86272.59,79023.04
353,20221001,4,202,11534.07,11904.43
354,20221001,4,203,20490.11,20049.73
355,20221001,4,204,4269.78,4240.19
356,20221001,4,212,5645.28,5648.34
357,20221001,5,201,64249.47,60805.64
358,20221001,5,202,8792.36,8437.87
359,20221001,5,209,12349.66,13167.31
360,20221001,5,211,6435.83,6451.77
361,20221001,5,212,2074.13,2322.78
362,20221001,6,201,46069.51,44583.96
363,20221001,6,202,8185.95,8161.64
364,20221001,6,210,11265.31,10776.11
365,20221001,6,212,2058.39,2273.02
366,20221001,7,201,71204.71,73049.12
367,20221001,7,202,11640.75,10669.6
368,20221001,7,205,10018.27,10096.28
369,20221001,7,208,5493.63,5280.2
370,20221001,7,212,3229.76,3255.99
371,20221101,0,101,211930.47,220320.58
372,20221101,0,102,106646.85,114308.72
373,20221101,0,103,156226.43,172909.38
374,20221101,1,201,102041.15,98777.41
375,20221101,1,202,13712.72,13587.44
376,20221101,1,205,8972.38,9721.83
377,20221101,1,208,6807.43,6945.58
378,20221101,1,212,3685.76,3527.08
379,20221101,2,201,69411.45,68686.55
380,20221101,2,202,9897.31,10244.39
381,20221101,2,207,53607.93,52722.64
382,20221101,2,208,4767.43,4473.0
383,20221101,2,212,2315.85,2419.7
384,20221101,3,201,136804.4,141699.44
385,20221101,3,202,19602.89,21880.86
386,20221101,3,205,25685.62,24700.96
387,20221101,3,206,16424.98,17432.72
388,20221101,3,210,9267.3,8834.33
389,20221101,4,201,92194.0,90598.92
390,20221101,4,202,12581.72,12180.95
391,20221101,4,203,21662.55,20799.8
392,20221101,4,204,4739.49,4627.49
393,20221101,4,212,5567.61,5990.46
394,20221101,5,201,67502.57,61783.26
395,20221101,5,202,9266.03,9128.19
396,20221101,5,209,14615.05,13881.51
397,20221101,5,211,7266.43,7210.8
398,20221101,5,212,2227.95,2384.87
399,20221101,6,201,45452.23,48427.3
400,20221101,6,202,8058.72,8374.1
401,20221101,6,210,11150.37,11302.67
402,20221101,6,212,2327.99,2437.72
403,20221101,7,201,74641.59,72234.33
404,20221101,7,202,11562.11,11361.58
405,20221101,7,205,10425.23,10451.2
406,20221101,7,208,5714.05,5666.02
407,20221101,7,212,3299.62,3542.2
408,20221201,0,101,214534.97,211484.95
409,20221201,0,102,116424.39,109275.21
410,20221201,0,103,170859.54,173059.4
411,20221201,1,201,104672.8,99544.61
412,20221201,1,202,14484.5,14730.4
413,20221201,1,205,10075.45,9482.35
414,20221201,1,208,6621.09,7117.18
415,20221201,1,212,3584.69,3701.66
416,20221201,2,201,74508.97,70689.1
417,20221201,2,202,10658.58,10622.78
418,20221201,2,207,54753.65,52839.69
419,20221201,2,208,4822.28,4564.14
420,20221201,2,212,2349.92,2493.61
421,20221201,3,201,138399.64,145309.57
422,20221201,3,202,21685.55,22168.06
423,20221201,3,205,27240.55,27115.94
424,20221201,3,206,17402.66,17431.54
425,20221201,3,210,9729.06,9756.56
426,20221201,4,201,93113.83,84424.48
427,20221201,4,202,12195.73,13232.17
428,20221201,4,203,22491.67,22508.39
429,20221201,4,204,4883.06,4709.32
430,20221201,4,212,5568.31,6016.3
431,20221201,5,201,68285.25,64822.42
432,20221201,5,202,9696.39,9906.12
433,20221201,5,209,13259.97,14692.07
434,20221201,5,211,6875.19,7017.93
435,20221201,5,212,2242.9,2379.89
436,20221201,6,201,47635.65,48954.76
437,20221201,6,202,7878.37,7918.75
438,20221201,6,210,12412.63,12014.38
439,20221201,6,212,2274.37,2478.97
440,20221201,7,201,72867.8,76755.72
441,20221201,7,202,11393.57,11541.41
442,20221201,7,205,9890.57,11028.97
443,20221201,7,208,6231.4,6044.77
444,20221201,7,212,3370.49,3535.01
445,20230101,0,101,167655.06,177294.69
446,20230101,0,102,92199.19,91948.0
447,20230101,0,103,128617.03,141674.43
448,20230101,1,201,77512.49,80298.23
449,20230101,1,202,11397.14,11150.88
450,20230101,1,205,7692.69,7716.75
451,20230101,1,208,6106.0,5611.9
452,20230101,1,212,3047.1,2919.99
453,20230101,2,201,55316.56,57819.85
454,20230101,2,202,8790.87,8841.44
455,20230101,2,207,40135.35,43555.63
456,20230101,2,208,3806.26,3996.33
457,20230101,2,212,1847.01,1976.11
458,20230101,3,201,115952.35,112955.41
459,20230101,3,202,17463.75,17449.56
460,20230101,3,205,21465.23,21557.7
461,20230101,3,206,14598.24,14882.86
462,20230101,3,210,7752.74,7992.04
463,20230101,4,201,72862.82,70256.36
464,20230101,4,202,10385.24,10616.02
465,20230101,4,203,17693.44,16449.1
466,20230101,4,204,3698.77,3930.7
467,20230101,4,212,4543.85,4591.2
468,20230101,5,201,52648.87,55337.39
469,20230101,5,202,7648.9,8000.48
470,20230101,5,209,11952.54,11175.72
471,20230101,5,211,5971.65,5729.15
472,20230101,5,212,1985.7,1965.16
473,20230101,6,201,37220.16,36658.42
474,20230101,6,202,7095.86,6433.98
475,20230101,6,210,10141.75,9944.74
476,20230101,6,212,1963.77,2014.04
477,20230101,7,201,65928.05,64262.67
478,20230101,7,202,9341.1,9872.0
479,20230101,7,205,7984.94,8645.31
480,20230101,7,208,4729.87,4874.29
481,20230101,7,212,2924.91,2896.85
482,20230201,0,101,185415.92,190435.44
483,20230201,0,102,88498.01,93231.29
484,20230201,0,103,128808.54,147265.61
485,20230201,1,201,84496.23,88021.61
486,20230201,1,202,11365.84,11318.08
487,20230201,1,205,8242.29,8279.3
488,20230201,1,208,5749.83,5883.51
489,20230201,1,212,2807.68,3116.73
490,20230201,2,201,57516.33,59383.7
491,20230201,2,202,8370.17,9292.62
492,20230201,2,207,42089.74,44347.6
493,20230201,2,208,4036.5,4067.55
494,20230201,2,212,2094.27,1963.52
495,20230201,3,201,122283.51,114368.73
496,20230201,3,202,17529.4,17047.0
497,20230201,3,205,21650.86,21572.46
498,20230201,3,206,15718.54,14098.0
499,20230201,3,210,7741.88,7875.12
500,20230201,4,201,78582.71,77179.84
501,20230201,4,202,10233.49,11117.25
502,20230201,4,203,17851.24,18762.01
503,20230201,4,204,3864.4,3917.94
504,20230201,4,212,4713.99,4747.82
505,20230201,5,201,56849.27,54209.03
506,20230201,5,202,8064.48,8047.13
507,20230201,5,209,11988.06,11263.63
508,20230201,5,211,6151.04,5776.36
509,20230201,5,212,1867.97,1995.06
510,20230201,6,201,37043.0,40771.01
511,20230201,6,202,6616.35,6718.13
512,20230201,6,210,10366.12,9719.41
513,20230201,6,212,1873.94,2067.9
514,20230201,7,201,59604.95,66910.02
515,20230201,7,202,9365.73,9504.13
516,20230201,7,205,8560.75,8597.14
517,20230201,7,208,5039.12,4695.57
518,20230201,7,212,2755.98,3065.9
519,20230301,0,101,184493.21,192595.36
520,20230301,0,102,96470.19,98630.21
521,20230301,0,103,154000.89,153111.43
522,20230301,1,201,93550.52,90655.89
523,20230301,1,202,13264.96,12850.43
524,20230301,1,205,8046.12,8558.15
525,20230301,1,208,6782.09,6095.25
526,20230301,1,212,3318.57,3336.81
527,20230301,2,201,64031.72,63864.56
528,20230301,2,202,10198.09,9161.27
529,20230301,2,207,47739.11,47601.24
530,20230301,2,208,4366.88,4272.72
531,20230301,2,212,2250.06,2038.8
532,20230301,3,201,120186.55,129839.42
533,20230301,3,202,17987.47,18773.78
534,20230301,3,205,23844.11,23649.55
535,20230301,3,206,15569.39,16908.17
536,20230301,3,210,8548.41,8511.22
537,20230301,4,201,80977.83,76680.59
538,20230301,4,202,12034.63,12216.72
539,20230301,4,203,19556.65,19814.39
540,20230301,4,204,4387.59,4143.87
541,20230301,4,212,5283.92,5187.71
542,20230301,5,201,57200.4,58513.26
543,20230301,5,202,8411.89,8175.43
544,20230301,5,209,12637.09,13063.73
545,20230301,5,211,6271.66,6171.99
546,20230301,5,212,2254.02,2037.31
547,20230301,6,201,44536.83,40868.47
548,20230301,6,202,7027.33,7680.88
549,20230301,6,210,11104.41,10759.18
550,20230301,6,212,2153.76,2153.06
551,20230301,7,201,67510.56,66631.89
552,20230301,7,202,10421.92,10886.71
553,20230301,7,205,9911.54,10011.61
554,20230301,7,208,5484.65,5620.71
555,20230301,7,212,3236.87,3155.87
556,20230401,0,101,207875.16,204275.09
557,20230401,0,102,110909.44,107949.21
558,20230401,0,103,151163.6,170010.54
559,20230401,1,201,95303.55,100394.53
560,20230401,1,202,13851.02,14240.62
561,20230401,1,205,9580.82,9661.96
562,20230401,1,208,7159.97,6974.3
563,20230401,1,212,3495.67,3265.74
564,20230401,2,201,72661.56,71370.8
565,20230401,2,202,9946.86,9971.57
566,20230401,2,207,52866.85,50584.87
567,20230401,2,208,4467.13,4344.19
568,20230401,2,212,2403.11,2312.89
569,20230401,3,201,135183.82,132373.02
570,20230401,3,202,20946.58,19604.38
571,20230401,3,205,25998.77,24470.92
572,20230401,3,206,16943.67,16921.78
573,20230401,3,210,8972.93,9407.67
574,20230401,4,201,89000.7,86745.46
575,20230401,4,202,11836.22,12010.8
576,20230401,4,203,19576.94,20932.56
577,20230401,4,204,4680.9,4477.89
578,20230401,4,212,5841.5,5731.55
579,20230401,5,201,62322.19,61578.4
580,20230401,5,202,9465.4,8796.66
581,20230401,5,209,13574.29,13450.49
582,20230401,5,211,7025.68,6878.59
583,20230401,5,212,2338.26,2181.97
584,20230401,6,201,45025.95,46423.74
585,20230401,6,202,7445.63,7862.1
586,20230401,6,210,10962.16,11025.25
587,20230401,6,212,2206.6,2253.03
588,20230401,7,201,69138.44,76644.93
589,20230401,7,202,10905.32,11330.58
590,20230401,7,205,10574.77,10333.3
591,20230401,7,208,5978.58,5932.95
592,20230401,7,212,3221.88,3580.72
593,20230501,0,101,198116.04,205765.99
594,20230501,0,102,118307.32,118963.04
595,20230501,0,103,166386.22,170085.3
596,20230501,1,201,102891.81,99554.8
597,20230501,1,202,13351.71,13438.78
598,20230501,1,205,9177.2,9766.87
599,20230501,1,208,7172.69,7348.99
600,20230501,1,212,3735.33,3385.8
601,20230501,2,201,73962.95,68920.53
602,20230501,2,202,10715.69,10664.82
603,20230501,2,207,52147.76,52080.17
604,20230501,2,208,4598.31,4641.14
605,20230501,2,212,2242.72,2366.47
606,20230501,3,201,133494.4,141980.09
607,20230501,3,202,22370.96,20923.11
608,20230501,3,205,26695.59,26909.06
609,20230501,3,206,18418.02,17216.46
610,20230501,3,210,8942.32,9141.75
611,20230501,4,201,89464.42,91165.61
612,20230501,4,202,13217.63,12541.27
613,20230501,4,203,21976.59,21260.14
614,20230501,4,204,4871.57,4861.99
615,20230501,4,212,5837.94,6183.74
616,20230501,5,201,65263.99,65966.02
617,20230501,5,202,9572.01,9831.99
618,20230501,5,209,14363.34,13640.73
619,20230501,5,211,6629.54,7046.42
620,20230501,5,212,2287.07,2305.46
621,20230501,6,201,44117.13,47313.16
622,20230501,6,202,8013.5,8229.62
623,20230501,6,210,11030.46,12247.88
624,20230501,6,212,2212.63,2458.0
625,20230501,7,201,80242.21,77789.24
626,20230501,7,202,11771.64,11770.56
627,20230501,7,205,10664.48,10976.67
628,20230501,7,208,6205.89,5876.89
629,20230501,7,212,3681.02,3604.57
630,20230601,0,101,212287.79,222587.51
631,20230601,0,102,109295.16,112246.74
632,20230601,0,103,159943.76,181012.47
633,20230601,1,201,100562.41,105753.94
634,20230601,1,202,14524.44,14064.96
635,20230601,1,205,9335.06,9658.93
636,20230601,1,208,7196.05,7312.05
637,20230601,1,212,3455.43,3596.19
638,20230601,2,201,70370.06,72210.55
639,20230601,2,202,10640.06,11058.05
640,20230601,2,207,56636.05,55586.15
641,20230601,2,208,4544.36,4646.78
642,20230601,2,212,2479.61,2373.85
643,20230601,3,201,149698.55,148377.57
644,20230601,3,202,23011.41,22775.67
645,20230601,3,205,25990.38,26986.45
646,20230601,3,206,17233.17,17934.99
647,20230601,3,210,10310.41,9936.46
648,20230601,4,201,89347.78,92122.04
649,20230601,4,202,14121.5,13093.43
650,20230601,4,203,21396.89,22580.2
651,20230601,4,204,5050.54,4953.13
652,20230601,4,212,6326.54,6237.09
653,20230601,5,201,68254.94,67053.79
654,20230601,5,202,9874.63,9643.65
655,20230601,5,209,14234.42,14368.39
656,20230601,5,211,6932.73,7065.72
657,20230601,5,212,2570.82,2427.64
658,20230601,6,201,46531.67,46696.96
659,20230601,6,202,7965.97,8830.33
660,20230601,6,210,11420.56,12516.9
661,20230601,6,212,2532.7,2533.4
662,20230601,7,201,73535.82,77605.35
663,20230601,7,202,12546.98,11665.57
664,20230601,7,205,10698.51,10536.37
665,20230601,7,208,6328.56,6258.6
666,20230601,7,212,3785.8,3513.44
667,20230701,0,101,193845.67,198523.3
668,20230701,0,102,105756.29,102808.41
669,20230701,0,103,150907.8,152300.12
670,20230701,1,201,95557.12,92286.94
671,20230701,1,202,13098.88,12828.75
672,20230701,1,205,9066.72,8705.03
673,20230701,1,208,6824.22,6456.23
674,20230701,1,212,3463.22,3449.17
675,20230701,2,201,64834.3,63945.17
676,20230701,2,202,9615.9,9856.02
677,20230701,2,207,52079.29,50836.58
678,20230701,2,208,4528.88,4194.48
679,20230701,2,212,2096.75,2217.41
680,20230701,3,201,137196.2,131801.98
681,20230701,3,202,18467.2,20397.02
682,20230701,3,205,25075.84,23455.22
683,20230701,3,206,16896.29,15970.19
684,20230701,3,210,9184.36,8397.51
685,20230701,4,201,80766.74,85888.51
686,20230701,4,202,11485.35,11945.91
687,20230701,4,203,19143.4,18634.81
688,20230701,4,204,4073.81,4368.29
689,20230701,4,212,5231.06,5754.65
690,20230701,5,201,58705.61,56949.67
691,20230701,5,202,9215.42,9058.92
692,20230701,5,209,13310.5,13519.84
693,20230701,5,211,6187.68,6398.18
694,20230701,5,212,2273.11,2230.53
695,20230701,6,201,41258.47,44655.78
696,20230701,6,202,7550.08,7228.95
697,20230701,6,210,10224.02,10626.64
698,20230701,6,212,2274.69,2195.33
699,20230701,7,201,72862.5,71184.8
700,20230701,7,202,10272.63,10665.09
701,20230701,7,205,9505.4,9340.08
702,20230701,7,208,5371.03,5634.77
703,20230701,7,212,3239.63,3135.98
704,20230801,0,101,202383.12,198346.02
705,20230801,0,102,94236.98,103777.96
706,20230801,0,103,143578.27,146843.79
707,20230801,1,201,89544.05,92034.37
708,20230801,1,202,12304.25,12714.66
709,20230801,1,205,8707.88,8166.56
710,20230801,1,208,6808.23,6112.33
711,20230801,1,212,3203.65,3210.53
712,20230801,2,201,68204.51,64539.48
713,20230801,2,202,9429.14,9592.42
714,20230801,2,207,48789.43,50652.94
715,20230801,2,208,4109.21,4050.8
716,20230801,2,212,2213.96,2102.31
717,20230801,3,201,131843.87,130119.74
718,20230801,3,202,19879.97,19743.23
719,20230801,3,205,22859.14,22351.76
720,20230801,3,206,16062.81,16590.2
721,20230801,3,210,8124.81,8815.93
722,20230801,4,201,79404.77,81914.13
723,20230801,4,202,11919.86,12163.55
724,20230801,4,203,17980.55,19829.62
725,20230801,4,204,4230.78,4180.58
726,20230801,4,212,4980.23,5170.73
727,20230801,5,201,54766.93,61602.3
728,20230801,5,202,8530.33,9012.54
729,20230801,5,209,12844.92,12485.37
730,20230801,5,211,6610.38,6199.0
731,20230801,5,212,2085.39,2204.38
732,20230801,6,201,44739.57,41985.94
733,20230801,6,202,7056.43,7377.11
734,20230801,6,210,11220.18,10977.97
735,20230801,6,212,2245.57,2112.11
736,20230801,7,201,73746.78,69476.92
737,20230801,7,202,10636.31,11189.81
738,20230801,7,205,9601.84,9941.1
739,20230801,7,208,5489.13,5100.19
740,20230801,7,212,3237.78,3321.14
741,20230901,0,101,213027.64,212808.94
742,20230901,0,102,105151.94,116490.57
743,20230901,0,103,160179.81,170614.52
744,20230901,1,201,98926.04,102546.38
745,20230901,1,202,13818.7,13472.15
746,20230901,1,205,9895.38,9302.46
747,20230901,1,208,7548.09,6916.3
748,20230901,1,212,3765.1,3719.46
749,20230901,2,201,66362.09,71980.12
750,20230901,2,202,10381.46,10987.47
751,20230901,2,207,54249.22,55820.38
752,20230901,2,208,4468.75,4783.18
753,20230901,2,212,2444.63,2243.4
754,20230901,3,201,132569.92,146149.05
755,20230901,3,202,20771.86,21001.07
756,20230901,3,205,26115.57,26300.45
757,20230901,3,206,18082.21,18599.1
758,20230901,3,210,9239.43,9727.3
759,20230901,4,201,89112.79,88926.82
760,20230901,4,202,12751.34,13213.5
761,20230901,4,203,20425.97,20373.76
762,20230901,4,204,4859.21,4727.03
763,20230901,4,212,5786.97,5949.29
764,20230901,5,201,62522.84,63297.91
765,20230901,5,202,9337.24,9968.72
766,20230901,5,209,13688.37,14829.07
767,20230901,5,211,7047.31,6798.39
768,20230901,5,212,2468.18,2351.35
769,20230901,6,201,49665.54,46991.18
770,20230901,6,202,7756.94,8437.9
771,20230901,6,210,12328.87,11585.42
772,20230901,6,212,2301.76,2251.2
773,20230901,7,201,76891.3,80112.67
774,20230901,7,202,12338.48,12092.8
775,20230901,7,205,11217.19,10797.24
776,20230901,7,208,6121.77,5915.06
777,20230901,7,212,3340.98,3429.6
778,20231001,0,101,210548.43,234387.24
779,20231001,0,102,109277.88,120661.49
780,20231001,0,103,169314.57,182553.31
781,20231001,1,201,105477.19,106533.16
782,20231001,1,202,13927.57,14547.78
783,20231001,1,205,10545.36,10142.57
784,20231001,1,208,7418.59,7647.82
785,20231001,1,212,3863.31,3541.18
786,20231001,2,201,78808.56,75446.98
787,20231001,2,202,11010.34,11363.12
788,20231001,2,207,54233.19,58022.15
789,20231001,2,208,5121.36,5028.42
790,20231001,2,212,2354.29,2602.7
791,20231001,3,201,146445.36,155258.37
792,20231001,3,202,20795.72,21370.07
793,20231001,3,205,25787.35,26239.72
794,20231001,3,206,18021.19,18997.93
795,20231001,3,210,9643.54,10383.29
796,20231001,4,201,97508.76,96378.07
797,20231001,4,202,13078.83,13821.09
798,20231001,4,203,22333.84,21372.54
799,20231001,4,204,4791.96,4970.79
800,20231001,4,212,6162.22,5966.27
801,20231001,5,201,71949.26,65521.3
802,20231001,5,202,10075.03,10144.48
803,20231001,5,209,15001.61,15414.96
804,20231001,5,211,7457.84,7693.42
805,20231001,5,212,2301.31,2353.12
806,20231001,6,201,50255.92,49942.56
807,20231001,6,202,8806.47,8920.37
808,20231001,6,210,12176.13,12569.96
809,20231001,6,212,2463.32,2510.79
810,20231001,7,201,77721.97,84502.94
811,20231001,7,202,12290.58,12794.51
812,20231001,7,205,11375.16,10896.37
813,20231001,7,208,5791.73,5892.6
814,20231001,7,212,3664.75,3708.08
815,20231101,0,101,222233.3,240356.09
816,20231101,0,102,119149.46,128358.08
817,20231101,0,103,186232.33,191984.09
818,20231101,1,201,116766.15,105580.79
819,20231101,1,202,15175.87,15638.1
820,20231101,1,205,10043.06,10317.52
821,20231101,1,208,7476.42,7552.35
822,20231101,1,212,3645.89,3794.15
823,20231101,2,201,76026.59,78647.2
824,20231101,2,202,11183.47,12115.77
825,20231101,2,207,55198.67,57149.6
826,20231101,2,208,5208.03,5071.62
827,20231101,2,212,2670.89,2588.39
828,20231101,3,201,154878.62,155311.71
829,20231101,3,202,22562.57,22083.91
830,20231101,3,205,30102.26,28494.65
831,20231101,3,206,20582.29,18811.22
832,20231101,3,210,10091.79,9846.08
833,20231101,4,201,96530.95,101145.74
834,20231101,4,202,14473.98,14193.0
835,20231101,4,203,23303.09,24185.29
836,20231101,4,204,5102.18,5394.51
837,20231101,4,212,6645.12,6659.12
838,20231101,5,201,69510.42,70419.49
839,20231101,5,202,10405.39,10009.43
840,20231101,5,209,15571.17,14808.22
841,20231101,5,211,7732.6,7991.4
842,20231101,5,212,2496.56,2727.47
843,20231101,6,201,52821.18,49617.33
844,20231101,6,202,9615.67,8955.86
845,20231101,6,210,13411.76,12716.42
846,20231101,6,212,2734.3,2661.13
847,20231101,7,201,80192.72,84222.61
848,20231101,7,202,12880.14,12300.19
849,20231101,7,205,11002.95,11437.07
850,20231101,7,208,6416.33,6441.73
851,20231101,7,212,3921.48,3889.91
852,20231201,0,101,232158.52,246793.93
853,20231201,0,102,119619.7,135466.56
854,20231201,0,103,191223.18,185563.49
855,20231201,1,201,109762.64,116954.34
856,20231201,1,202,15931.0,16302.65
857,20231201,1,205,10276.45,10992.88
858,20231201,1,208,7783.46,8120.85
859,20231201,1,212,4231.18,4021.13
860,20231201,2,201,82590.41,81657.88
861,20231201,2,202,12207.53,11334.54
862,20231201,2,207,59260.44,62824.9
863,20231201,2,208,5495.78,5473.42
864,20231201,2,212,2671.93,2720.79
865,20231201,3,201,160446.46,153637.0
866,20231201,3,202,24218.51,24221.06
867,20231201,3,205,30463.93,28094.07
868,20231201,3,206,20325.58,18901.64
869,20231201,3,210,11236.23,10171.97
870,20231201,4,201,92444.39,97584.25
871,20231201,4,202,13828.17,14914.92
872,20231201,4,203,23490.32,24627.28
873,20231201,4,204,5597.63,5529.63
874,20231201,4,212,6826.18,6322.87
875,20231201,5,201,69005.01,70711.44
876,20231201,5,202,10313.84,10814.34
877,20231201,5,209,15915.77,15613.59
878,20231201,5,211,7566.79,8328.73
879,20231201,5,212,2584.85,2614.05
880,20231201,6,201,54876.99,54413.01
881,20231201,6,202,9436.81,9494.18
882,20231201,6,210,13419.67,12834.71
883,20231201,6,212,2549.4,2673.3
884,20231201,7,201,82595.1,90802.26
885,20231201,7,202,12841.54,12975.34
886,20231201,7,205,11406.95,12222.08
887,20231201,7,208,6438.74,6531.14
888,20231201,7,212,4205.53,4113.46
889,20240101,0,101,188147.27,191085.65
890,20240101,0,102,105088.33,103759.17
891,20240101,0,103,161289.33,160201.05
892,20240101,1,201,97597.43,95290.87
893,20240101,1,202,12573.97,12716.16
894,20240101,1,205,8894.91,8533.23
895,20240101,1,208,6424.75,6335.86
896,20240101,1,212,3229.01,3148.56
897,20240101,2,201,65119.82,68179.02
898,20240101,2,202,9982.33,9376.43
899,20240101,2,207,49364.2,49284.37
900,20240101,2,208,4162.31,4420.26
901,20240101,2,212,2168.38,2202.56
902,20240101,3,201,121424.16,128952.3
903,20240101,3,202,20022.29,18674.36
904,20240101,3,205,24649.26,22575.09
905,20240101,3,206,16306.65,17037.76
906,20240101,3,210,8523.45,9092.44
907,20240101,4,201,85251.57,81166.47
908,20240101,4,202,11374.87,12539.83
909,20240101,4,203,18944.52,19840.0
910,20240101,4,204,4564.61,4144.59
911,20240101,4,212,5453.52,5445.36
912,20240101,5,201,61227.09,62521.24
913,20240101,5,202,9135.61,8370.5
914,20240101,5,209,13647.22,12556.79
915,20240101,5,211,6857.52,6863.6
916,20240101,5,212,2127.87,2168.7
917,20240101,6,201,45819.39,45590.93
918,20240101,6,202,8007.21,7907.44
919,20240101,6,210,10053.36,10929.68
920,20240101,6,212,2040.3,2284.5
921,20240101,7,201,68051.15,74293.42
922,20240101,7,202,10860.44,10841.75
923,20240101,7,205,10312.02,10139.26
924,20240101,7,208,5373.33,5242.1
925,20240101,7,212,3062.88,3134.46
926,20240201,0,101,200010.89,200825.84
927,20240201,0,102,101507.64,111589.74
928,20240201,0,103,162833.25,161542.19
929,20240201,1,201,98417.72,92080.04
930,20240201,1,202,14079.89,14063.99
931,20240201,1,205,9350.1,9000.53
932,20240201,1,208,6317.64,6863.97
933,20240201,1,212,3204.84,3237.02
934,20240201,2,201,65400.0,65532.83
935,20240201,2,202,9721.54,9816.07
936,20240201,2,207,52078.67,53055.24
937,20240201,2,208,4346.45,4602.35
938,20240201,2,212,2082.31,2284.16
939,20240201,3,201,137731.36,128322.88
940,20240201,3,202,19041.59,19789.88
941,20240201,3,205,24261.62,24716.95
942,20240201,3,206,17691.33,17223.19
943,20240201,3,210,8704.2,8609.24
944,20240201,4,201,88703.21,82349.31
945,20240201,4,202,12490.88,11975.25
946,20240201,4,203,19084.8,19449.94
947,20240201,4,204,4625.45,4544.75
948,20240201,4,212,5522.16,5646.2
949,20240201,5,201,61216.96,62029.02
950,20240201,5,202,9146.2,8708.57
951,20240201,5,209,12937.05,13854.06
952,20240201,5,211,7055.89,6430.71
953,20240201,5,212,2218.54,2296.48
954,20240201,6,201,42063.53,45243.07
955,20240201,6,202,7343.22,7903.32
956,20240201,6,210,11184.59,11321.26
957,20240201,6,212,2125.63,2204.11
958,20240201,7,201,72850.88,69940.66
959,20240201,7,202,10715.06,11334.1
960,20240201,7,205,9482.37,10120.17
961,20240201,7,208,5829.5,5587.32
962,20240201,7,212,3359.02,3353.63
963,20240301,0,101,203723.52,221700.52
964,20240301,0,102,119542.4,120298.04
965,20240301,0,103,166449.46,179012.48
966,20240301,1,201,106081.6,103948.67
967,20240301,1,202,13556.34,14302.79
968,20240301,1,205,9062.52,10224.88
969,20240301,1,208,7679.43,6932.01
970,20240301,1,212,3839.31,3451.16
971,20240301,2,201,71466.4,74893.75
972,20240301,2,202,11262.61,11484.13
973,20240301,2,207,55401.33,54088.35
974,20240301,2,208,5158.99,4787.74
975,20240301,2,212,2537.87,2533.03
976,20240301,3,201,142259.43,148414.03
977,20240301,3,202,22208.91,21919.47
978,20240301,3,205,27113.54,26231.24
979,20240301,3,206,17282.86,18262.16
980,20240301,3,210,9690.97,9942.18
981,20240301,4,201,86974.47,85997.7
982,20240301,4,202,12384.74,13043.49
983,20240301,4,203,22244.51,21931.76
984,20240301,4,204,4847.58,5021.79
985,20240301,4,212,5819.26,5960.58
986,20240301,5,201,64273.27,69882.09
987,20240301,5,202,9956.07,9289.21
988,20240301,5,209,15105.29,14421.77
989,20240301,5,211,7508.63,7580.78
990,20240301,5,212,2249.38,2347.05
991,20240301,6,201,45563.5,46025.24
992,20240301,6,202,8561.12,8676.58
993,20240301,6,210,11302.67,12444.56
994,20240301,6,212,2379.98,2354.55
995,20240301,7,201,75318.36,81952.32
996,20240301,7,202,11315.79,12130.5
997,20240301,7,205,10538.14,11289.98
998,20240301,7,208,6228.03,5942.49
999,20240301,7,212,3669.12,3706.29
1000,20240401,0,101,227317.78,233916.77
1001,20240401,0,102,116916.8,128308.36
1002,20240401,0,103,174273.32,181910.06
1003,20240401,1,201,103341.05,116092.02
1004,20240401,1,202,16371.16,16326.29
1005,20240401,1,205,10546.0,10332.03
1006,20240401,1,208,7767.63,8215.05
1007,20240401,1,212,4126.45,3978.88
1008,20240401,2,201,80833.94,76562.86
1009,20240401,2,202,11522.02,11267.03
1010,20240401,2,207,57284.79,60215.84
1011,20240401,2,208,5162.39,5406.62
1012,20240401,2,212,2518.52,2662.91
1013,20240401,3,201,162102.52,163317.02
1014,20240401,3,202,23520.85,24633.61
1015,20240401,3,205,28727.36,27494.22
1016,20240401,3,206,18731.49,18894.06
1017,20240401,3,210,10576.05,10896.33
1018,20240401,4,201,101876.6,93285.42
1019,20240401,4,202,14697.43,13835.5
1020,20240401,4,203,22561.36,23879.24
1021,20240401,4,204,5256.26,5420.46
1022,20240401,4,212,6194.23,6695.84
1023,20240401,5,201,73484.35,72064.46
1024,20240401,5,202,10333.3,10836.2
1025,20240401,5,209,15181.28,16403.99
1026,20240401,5,211,7245.02,8185.02
1027,20240401,5,212,2758.4,2494.69
1028,20240401,6,201,55440.02,51954.93
1029,20240401,6,202,8741.02,9217.28
1030,20240401,6,210,12418.12,13610.3
1031,20240401,6,212,2609.69,2682.27
1032,20240401,7,201,82794.22,84933.68
1033,20240401,7,202,12698.76,12679.01
1034,20240401,7,205,11679.52,11713.4
1035,20240401,7,208,6113.03,6852.31
1036,20240401,7,212,3869.6,4050.86
1037,20240501,0,101,253953.24,242616.93
1038,20240501,0,102,125156.0,130720.85
1039,20240501,0,103,179405.05,184085.95
1040,20240501,1,201,109551.31,119334.9
1041,20240501,1,202,16179.3,15936.93
1042,20240501,1,205,10148.87,10521.69
1043,20240501,1,208,7866.4,8334.4
1044,20240501,1,212,4000.11,4088.54
1045,20240501,2,201,82080.54,78274.26
1046,20240501,2,202,12541.84,12677.38
1047,20240501,2,207,61197.88,60245.46
1048,20240501,2,208,5086.25,5533.74
1049,20240501,2,212,2543.51,2744.97
1050,20240501,3,201,159758.25,168158.45
1051,20240501,3,202,24144.6,24497.44
1052,20240501,3,205,27524.63,27979.3
1053,20240501,3,206,20973.37,21082.05
1054,20240501,3,210,10919.23,11031.54
1055,20240501,4,201,98785.84,104281.03
1056,20240501,4,202,14116.97,15076.12
1057,20240501,4,203,22353.51,24138.15
1058,20240501,4,204,5239.31,5429.81
1059,20240501,4,212,6823.16,6786.3
1060,20240501,5,201,73170.04,73611.23
1061,20240501,5,202,9931.12,10781.94
1062,20240501,5,209,14908.41,16133.79
1063,20240501,5,211,7748.68,8461.24
1064,20240501,5,212,2486.71,2772.21
1065,20240501,6,201,54639.61,55403.11
1066,20240501,6,202,9870.0,8977.66
1067,20240501,6,210,12581.36,12886.66
1068,20240501,6,212,2551.97,2688.1
1069,20240501,7,201,90502.58,84892.44
1070,20240501,7,202,13142.52,13215.46
1071,20240501,7,205,11843.61,12147.32
1072,20240501,7,208,7125.11,6499.77
1073,20240501,7,212,4103.58,4173.58
1074,20240601,0,101,252201.77,262788.6
1075,20240601,0,102,135037.44,127733.1
1076,20240601,0,103,188778.21,197937.79
1077,20240601,1,201,109340.89,110877.89
1078,20240601,1,202,15701.97,16541.24
1079,20240601,1,205,10871.27,11370.91
1080,20240601,1,208,8305.48,8594.79
1081,20240601,1,212,3881.7,4148.12
1082,20240601,2,201,77025.54,80095.07
1083,20240601,2,202,12980.59,12932.38
1084,20240601,2,207,61510.3,58952.03
1085,20240601,2,208,5159.46,5770.67
1086,20240601,2,212,2896.55,2776.08
1087,20240601,3,201,153828.71,173177.83
1088,20240601,3,202,24047.58,26065.49
1089,20240601,3,205,30542.89,31163.38
1090,20240601,3,206,21186.69,20446.7
1091,20240601,3,210,10322.89,10620.24
1092,20240601,4,201,99132.33,107171.16
1093,20240601,4,202,14853.47,15821.13
1094,20240601,4,203,24107.19,25506.42
1095,20240601,4,204,5209.85,5808.63
1096,20240601,4,212,7073.22,6892.89
1097,20240601,5,201,80447.48,72111.68
1098,20240601,5,202,10876.16,11436.45
1099,20240601,5,209,16091.88,17028.53
1100,20240601,5,211,8753.66,8177.24
1101,20240601,5,212,2848.26,2614.98
1102,20240601,6,201,53122.93,58111.1
1103,20240601,6,202,9588.57,9496.92
1104,20240601,6,210,14563.1,13681.75
1105,20240601,6,212,2812.21,2805.4
1106,20240601,7,201,83982.82,90763.03
1107,20240601,7,202,14288.34,14106.11
1108,20240601,7,205,11622.07,11936.59
1109,20240601,7,208,7061.24,6993.3
1110,20240601,7,212,4252.86,4052.4
1111,20240701,0,101,209527.81,215216.46
1112,20240701,0,102,113889.1,118152.93
1113,20240701,0,103,166906.96,169805.84
1114,20240701,1,201,100128.79,104645.83
1115,20240701,1,202,14896.09,14707.18
1116,20240701,1,205,9201.57,9746.11
1117,20240701,1,208,6970.3,7508.07
1118,20240701,1,212,3604.86,3667.52
1119,20240701,2,201,71760.04,73371.32
1120,20240701,2,202,10442.47,11631.75
1121,20240701,2,207,58580.3,58628.53
1122,20240701,2,208,4977.24,4773.14
1123,20240701,2,212,2422.66,2378.24
1124,20240701,3,201,143712.23,148455.33
1125,20240701,3,202,20818.41,22125.74
1126,20240701,3,205,26802.44,27190.3
1127,20240701,3,206,17384.0,18066.19
1128,20240701,3,210,9505.56,10040.02
1129,20240701,4,201,93605.88,89760.27
1130,20240701,4,202,12805.28,13327.48
1131,20240701,4,203,23567.52,21875.82
1132,20240701,4,204,5010.52,5117.06
1133,20240701,4,212,6012.51,6078.32
1134,20240701,5,201,70746.98,70772.69
1135,20240701,5,202,10509.5,9510.01
1136,20240701,5,209,14411.65,15584.04
1137,20240701,5,211,7081.84,7277.28
1138,20240701,5,212,2624.05,2603.15
1139,20240701,6,201,47837.28,50579.12
1140,20240701,6,202,8612.44,8738.39
1141,20240701,6,210,11874.77,12212.64
1142,20240701,6,212,2572.97,2447.1
1143,20240701,7,201,75745.07,81036.27
1144,20240701,7,202,12478.06,12442.43
1145,20240701,7,205,11369.15,11203.64
1146,20240701,7,208,6550.14,6164.29
1147,20240701,7,212,3803.51,3689.16
1148,20240801,0,101,210825.68,227205.83
1149,20240801,0,102,119735.77,121210.56
1150,20240801,0,103,166761.43,173119.8
1151,20240801,1,201,104466.85,100155.06
1152,20240801,1,202,14799.6,14893.17
1153,20240801,1,205,10042.62,9247.93
1154,20240801,1,208,7736.31,7258.66
1155,20240801,1,212,3569.23,3640.23
1156,20240801,2,201,76650.51,74278.51
1157,20240801,2,202,10924.85,11260.04
1158,20240801,2,207,53224.79,56925.97
1159,20240801,2,208,4850.94,4923.48
1160,20240801,2,212,2272.8,2496.45
1161,20240801,3,201,147974.46,143194.8
1162,20240801,3,202,22163.94,20736.97
1163,20240801,3,205,28340.1,27193.89
1164,20240801,3,206,17843.17,18691.01
1165,20240801,3,210,10281.31,9626.42
1166,20240801,4,201,84287.0,88538.51
1167,20240801,4,202,13291.34,13365.3
1168,20240801,4,203,21961.81,22005.31
1169,20240801,4,204,4789.37,4792.34
1170,20240801,4,212,6262.51,6121.45
1171,20240801,5,201,66361.83,65557.65
1172,20240801,5,202,9009.55,9280.4
1173,20240801,5,209,14307.69,15285.73
1174,20240801,5,211,6849.9,7626.1
1175,20240801,5,212,2291.95,2375.14
1176,20240801,6,201,47958.21,46945.18
1177,20240801,6,202,8425.31,8465.58
1178,20240801,6,210,11960.56,12386.46
1179,20240801,6,212,2351.82,2372.05
1180,20240801,7,201,81828.08,75494.16
1181,20240801,7,202,12654.8,12321.7
1182,20240801,7,205,11127.79,10511.89
1183,20240801,7,208,6441.18,5892.73
1184,20240801,7,212,3454.54,3502.28
1185,20240901,0,101,242041.18,258135.68
1186,20240901,0,102,121926.81,128526.39
1187,20240901,0,103,178442.64,194242.11
1188,20240901,1,201,112270.57,108044.1
1189,20240901,1,202,16257.63,15549.23
1190,20240901,1,205,10805.71,10590.89
1191,20240901,1,208,8230.33,7782.06
1192,20240901,1,212,4141.82,4156.36
1193,20240901,2,201,75110.1,76905.03
1194,20240901,2,202,12626.5,11648.24
1195,20240901,2,207,58545.59,60027.34
1196,20240901,2,208,5156.54,5573.44
1197,20240901,2,212,2677.35,2721.15
1198,20240901,3,201,162192.42,162779.37
1199,20240901,3,202,24295.37,23721.49
1200,20240901,3,205,30756.1,29862.42
1201,20240901,3,206,20881.08,20555.74
1202,20240901,3,210,10365.48,10855.69
1203,20240901,4,201,94198.3,96485.48
1204,20240901,4,202,13883.74,14427.82
1205,20240901,4,203,22937.9,24633.75
1206,20240901,4,204,5342.08,5312.7
1207,20240901,4,212,6329.47,6615.55
1208,20240901,5,201,70115.83,74802.4
1209,20240901,5,202,10956.9,10891.8
1210,20240901,5,209,17121.91,16178.67
1211,20240901,5,211,7989.4,7724.43
1212,20240901,5,212,2597.77,2665.96
1213,20240901,6,201,50006.55,52779.63
1214,20240901,6,202,8693.61,9007.97
1215,20240901,6,210,13923.48,14082.04
1216,20240901,6,212,2669.03,2678.86
1217,20240901,7,201,88918.77,86306.46
1218,20240901,7,202,13969.54,13385.1
1219,20240901,7,205,11300.3,11442.17
1220,20240901,7,208,6911.18,6548.35
1221,20240901,7,212,3874.4,4037.05
1222,20241001,0,101,239779.5,256565.98
1223,20241001,0,102,137221.01,139914.94
1224,20241001,0,103,196941.56,192148.2
1225,20241001,1,201,112331.46,122932.24
1226,20241001,1,202,17522.73,16602.31
1227,20241001,1,205,11680.77,10668.35
1228,20241001,1,208,8638.97,8466.65
1229,20241001,1,212,4478.37,4028.67
1230,20241001,2,201,87693.31,86556.56
1231,20241001,2,202,12216.92,13326.43
1232,20241001,2,207,62422.59,62132.21
1233,20241001,2,208,5835.78,5578.49
1234,20241001,2,212,2987.22,2892.68
1235,20241001,3,201,161466.23,174207.68
1236,20241001,3,202,25455.53,24858.57
1237,20241001,3,205,31640.82,31336.53
1238,20241001,3,206,19975.09,20228.19
1239,20241001,3,210,10716.97,10871.61
1240,20241001,4,201,98311.44,103579.49
1241,20241001,4,202,14896.03,15509.37
1242,20241001,4,203,24525.18,25836.15
1243,20241001,4,204,5423.19,5472.93
1244,20241001,4,212,7335.1,7392.95
1245,20241001,5,201,78763.7,73798.08
1246,20241001,5,202,11900.07,11583.1
1247,20241001,5,209,17746.83,17755.98
1248,20241001,5,211,8812.72,8079.89
1249,20241001,5,212,2937.2,2731.04
1250,20241001,6,201,57533.78,58178.51
1251,20241001,6,202,10136.97,10017.47
1252,20241001,6,210,13949.38,14158.83
1253,20241001,6,212,2703.53,2781.61
1254,20241001,7,201,90194.69,92593.77
1255,20241001,7,202,14713.45,13414.56
1256,20241001,7,205,12600.48,12329.14
1257,20241001,7,208,7411.69,6919.33
1258,20241001,7,212,4455.18,4132.33
